{
  "domain": "laptop",
  "model": "v3_p2",
  "before": {
    "RMSE_VA": 4.948462975326967,
    "PCC_V": 0.6381613563876172,
    "PCC_A": 0.10104415178665456
  },
  "after": {
    "RMSE_VA": 1.5568430447557644,
    "PCC_V": 0.6279485341573801,
    "PCC_A": 0.04300821749629639
  },
  "params_v": {
    "alpha": 5.548748166202401,
    "beta": -8.826865185348996
  },
  "params_a": {
    "alpha": 0.38652426733552386,
    "beta": 5.27208236061468
  }
}