{
  "domain": "restaurant",
  "model": "v3",
  "before": {
    "RMSE_VA": 1.143138566277472,
    "PCC_V": 0.9072824938686661,
    "PCC_A": 0.6387350492263192
  },
  "after": {
    "RMSE_VA": 0.9435279632526006,
    "PCC_V": 0.9055176224480637,
    "PCC_A": 0.6332272402385201
  },
  "params_v": {
    "alpha": 0.8437555969453665,
    "beta": 0.7682228850605615
  },
  "params_a": {
    "alpha": 0.6778589511763942,
    "beta": 1.9316364983631011
  }
}