{
  "domain": "laptop",
  "model": "v3_p3",
  "before": {
    "RMSE_VA": 0.973444306666703,
    "PCC_V": 0.915073708794189,
    "PCC_A": 0.606661108572909
  },
  "after": {
    "RMSE_VA": 0.9654599590412001,
    "PCC_V": 0.9142081279743267,
    "PCC_A": 0.5938114843691455
  },
  "params_v": {
    "alpha": 1.0001534256808757,
    "beta": 0.08440269350071805
  },
  "params_a": {
    "alpha": 0.8523740281604075,
    "beta": 0.9318967240709011
  }
}