{
  "domain": "restaurant",
  "model": "v3_p3",
  "before": {
    "RMSE_VA": 1.027002396931884,
    "PCC_V": 0.9280485983958231,
    "PCC_A": 0.7135678940634524
  },
  "after": {
    "RMSE_VA": 0.8500309743345666,
    "PCC_V": 0.9261694127839989,
    "PCC_A": 0.7062502607053848
  },
  "params_v": {
    "alpha": 0.8579827407618591,
    "beta": 0.7379694176864469
  },
  "params_a": {
    "alpha": 0.7242984632695462,
    "beta": 1.6008095744662478
  }
}