{
  "domain": "laptop",
  "model": "v3",
  "before": {
    "RMSE_VA": 1.083636638193986,
    "PCC_V": 0.9126696462364051,
    "PCC_A": 0.5351885908287572
  },
  "after": {
    "RMSE_VA": 1.004670552434001,
    "PCC_V": 0.9116260918524923,
    "PCC_A": 0.5151316572732
  },
  "params_v": {
    "alpha": 0.9482743356231729,
    "beta": 0.20519227966418185
  },
  "params_a": {
    "alpha": 0.6008964776069495,
    "beta": 2.657620896739796
  }
}