{
  "domain": "restaurant",
  "model": "v3_p2",
  "before": {
    "RMSE_VA": 1.1743927069292006,
    "PCC_V": 0.8933179836575484,
    "PCC_A": 0.6184186813704837
  },
  "after": {
    "RMSE_VA": 0.9879748201578357,
    "PCC_V": 0.8913927123905818,
    "PCC_A": 0.6116469112110147
  },
  "params_v": {
    "alpha": 0.8247146971925594,
    "beta": 0.9024940029846533
  },
  "params_a": {
    "alpha": 0.8359208915481287,
    "beta": 0.7450841602535991
  }
}