,precision,recall,f1-score,support
O,1.0,0.8768793173506705,0.9344013855812947,2461.0
B-ASP,0.0,0.0,0.0,0.0
I-ASP,0.0,0.0,0.0,0.0
B-OPN,0.0,0.0,0.0,0.0
I-OPN,0.0,0.0,0.0,0.0
accuracy,0.8768793173506705,0.8768793173506705,0.8768793173506705,0.8768793173506705
macro avg,0.2,0.1753758634701341,0.18688027711625893,2461.0
weighted avg,1.0,0.8768793173506705,0.9344013855812947,2461.0
