,precision,recall,f1-score,support
O,1.0,0.9129746835443038,0.9545078577336642,2528.0
B-ASP,0.0,0.0,0.0,0.0
I-ASP,0.0,0.0,0.0,0.0
B-OPN,0.0,0.0,0.0,0.0
I-OPN,0.0,0.0,0.0,0.0
accuracy,0.9129746835443038,0.9129746835443038,0.9129746835443038,0.9129746835443038
macro avg,0.2,0.18259493670886076,0.19090157154673285,2528.0
weighted avg,1.0,0.9129746835443038,0.9545078577336642,2528.0
